nodo,centralidad
0,-0.355491
1,-0.26596
2,-0.317193
3,-0.21118
4,-0.075969
5,-0.079483
6,-0.079483
7,-0.17096
8,-0.227404
9,-0.102674
10,-0.075969
11,-0.052856
12,-0.084255
13,-0.226473
14,-0.101403
15,-0.101403
16,-0.023636
17,-0.0924
18,-0.101403
19,-0.147913
20,-0.101403
21,-0.0924
22,-0.101403
23,-0.150119
24,-0.057052
25,-0.059206
26,-0.075579
27,-0.133477
28,-0.131078
29,-0.134961
30,-0.174758
31,-0.191034
32,-0.308644
33,-0.373363
