autovalor,error_inf_avect,error_1_avect
6.725697727631733,3.9968028886505635e-15,7.807643420676413e-14
